[{"model": "auth.permission", "pk": 1, "fields": {"name": "Can add log entry", "content_type": 1, "codename": "add_logentry"}}, {"model": "auth.permission", "pk": 2, "fields": {"name": "Can change log entry", "content_type": 1, "codename": "change_logentry"}}, {"model": "auth.permission", "pk": 3, "fields": {"name": "Can delete log entry", "content_type": 1, "codename": "delete_logentry"}}, {"model": "auth.permission", "pk": 4, "fields": {"name": "Can view log entry", "content_type": 1, "codename": "view_logentry"}}, {"model": "auth.permission", "pk": 5, "fields": {"name": "Can add permission", "content_type": 2, "codename": "add_permission"}}, {"model": "auth.permission", "pk": 6, "fields": {"name": "Can change permission", "content_type": 2, "codename": "change_permission"}}, {"model": "auth.permission", "pk": 7, "fields": {"name": "Can delete permission", "content_type": 2, "codename": "delete_permission"}}, {"model": "auth.permission", "pk": 8, "fields": {"name": "Can view permission", "content_type": 2, "codename": "view_permission"}}, {"model": "auth.permission", "pk": 9, "fields": {"name": "Can add group", "content_type": 3, "codename": "add_group"}}, {"model": "auth.permission", "pk": 10, "fields": {"name": "Can change group", "content_type": 3, "codename": "change_group"}}, {"model": "auth.permission", "pk": 11, "fields": {"name": "Can delete group", "content_type": 3, "codename": "delete_group"}}, {"model": "auth.permission", "pk": 12, "fields": {"name": "Can view group", "content_type": 3, "codename": "view_group"}}, {"model": "auth.permission", "pk": 13, "fields": {"name": "Can add content type", "content_type": 4, "codename": "add_contenttype"}}, {"model": "auth.permission", "pk": 14, "fields": {"name": "Can change content type", "content_type": 4, "codename": "change_contenttype"}}, {"model": "auth.permission", "pk": 15, "fields": {"name": "Can delete content type", "content_type": 4, "codename": "delete_contenttype"}}, {"model": "auth.permission", "pk": 16, "fields": {"name": "Can view content type", "content_type": 4, "codename": "view_contenttype"}}, {"model": "auth.permission", "pk": 17, "fields": {"name": "Can add session", "content_type": 5, "codename": "add_session"}}, {"model": "auth.permission", "pk": 18, "fields": {"name": "Can change session", "content_type": 5, "codename": "change_session"}}, {"model": "auth.permission", "pk": 19, "fields": {"name": "Can delete session", "content_type": 5, "codename": "delete_session"}}, {"model": "auth.permission", "pk": 20, "fields": {"name": "Can view session", "content_type": 5, "codename": "view_session"}}, {"model": "auth.permission", "pk": 21, "fields": {"name": "Can add \u0442\u043e\u0432\u0430\u0440", "content_type": 6, "codename": "add_product"}}, {"model": "auth.permission", "pk": 22, "fields": {"name": "Can change \u0442\u043e\u0432\u0430\u0440", "content_type": 6, "codename": "change_product"}}, {"model": "auth.permission", "pk": 23, "fields": {"name": "Can delete \u0442\u043e\u0432\u0430\u0440", "content_type": 6, "codename": "delete_product"}}, {"model": "auth.permission", "pk": 24, "fields": {"name": "Can view \u0442\u043e\u0432\u0430\u0440", "content_type": 6, "codename": "view_product"}}, {"model": "auth.permission", "pk": 25, "fields": {"name": "Can add contact", "content_type": 7, "codename": "add_contact"}}, {"model": "auth.permission", "pk": 26, "fields": {"name": "Can change contact", "content_type": 7, "codename": "change_contact"}}, {"model": "auth.permission", "pk": 27, "fields": {"name": "Can delete contact", "content_type": 7, "codename": "delete_contact"}}, {"model": "auth.permission", "pk": 28, "fields": {"name": "Can view contact", "content_type": 7, "codename": "view_contact"}}, {"model": "auth.permission", "pk": 29, "fields": {"name": "Can add user", "content_type": 8, "codename": "add_shopuser"}}, {"model": "auth.permission", "pk": 30, "fields": {"name": "Can change user", "content_type": 8, "codename": "change_shopuser"}}, {"model": "auth.permission", "pk": 31, "fields": {"name": "Can delete user", "content_type": 8, "codename": "delete_shopuser"}}, {"model": "auth.permission", "pk": 32, "fields": {"name": "Can view user", "content_type": 8, "codename": "view_shopuser"}}, {"model": "auth.permission", "pk": 33, "fields": {"name": "Can add \u043a\u0430\u0442\u0435\u0433\u043e\u0440\u0438\u044f", "content_type": 9, "codename": "add_productcategory"}}, {"model": "auth.permission", "pk": 34, "fields": {"name": "Can change \u043a\u0430\u0442\u0435\u0433\u043e\u0440\u0438\u044f", "content_type": 9, "codename": "change_productcategory"}}, {"model": "auth.permission", "pk": 35, "fields": {"name": "Can delete \u043a\u0430\u0442\u0435\u0433\u043e\u0440\u0438\u044f", "content_type": 9, "codename": "delete_productcategory"}}, {"model": "auth.permission", "pk": 36, "fields": {"name": "Can view \u043a\u0430\u0442\u0435\u0433\u043e\u0440\u0438\u044f", "content_type": 9, "codename": "view_productcategory"}}, {"model": "auth.permission", "pk": 37, "fields": {"name": "Can add basket", "content_type": 10, "codename": "add_basket"}}, {"model": "auth.permission", "pk": 38, "fields": {"name": "Can change basket", "content_type": 10, "codename": "change_basket"}}, {"model": "auth.permission", "pk": 39, "fields": {"name": "Can delete basket", "content_type": 10, "codename": "delete_basket"}}, {"model": "auth.permission", "pk": 40, "fields": {"name": "Can view basket", "content_type": 10, "codename": "view_basket"}}, {"model": "auth.permission", "pk": 41, "fields": {"name": "Can add gallery", "content_type": 11, "codename": "add_gallery"}}, {"model": "auth.permission", "pk": 42, "fields": {"name": "Can change gallery", "content_type": 11, "codename": "change_gallery"}}, {"model": "auth.permission", "pk": 43, "fields": {"name": "Can delete gallery", "content_type": 11, "codename": "delete_gallery"}}, {"model": "auth.permission", "pk": 44, "fields": {"name": "Can view gallery", "content_type": 11, "codename": "view_gallery"}}, {"model": "auth.permission", "pk": 45, "fields": {"name": "Can add association", "content_type": 12, "codename": "add_association"}}, {"model": "auth.permission", "pk": 46, "fields": {"name": "Can change association", "content_type": 12, "codename": "change_association"}}, {"model": "auth.permission", "pk": 47, "fields": {"name": "Can delete association", "content_type": 12, "codename": "delete_association"}}, {"model": "auth.permission", "pk": 48, "fields": {"name": "Can view association", "content_type": 12, "codename": "view_association"}}, {"model": "auth.permission", "pk": 49, "fields": {"name": "Can add code", "content_type": 13, "codename": "add_code"}}, {"model": "auth.permission", "pk": 50, "fields": {"name": "Can change code", "content_type": 13, "codename": "change_code"}}, {"model": "auth.permission", "pk": 51, "fields": {"name": "Can delete code", "content_type": 13, "codename": "delete_code"}}, {"model": "auth.permission", "pk": 52, "fields": {"name": "Can view code", "content_type": 13, "codename": "view_code"}}, {"model": "auth.permission", "pk": 53, "fields": {"name": "Can add nonce", "content_type": 14, "codename": "add_nonce"}}, {"model": "auth.permission", "pk": 54, "fields": {"name": "Can change nonce", "content_type": 14, "codename": "change_nonce"}}, {"model": "auth.permission", "pk": 55, "fields": {"name": "Can delete nonce", "content_type": 14, "codename": "delete_nonce"}}, {"model": "auth.permission", "pk": 56, "fields": {"name": "Can view nonce", "content_type": 14, "codename": "view_nonce"}}, {"model": "auth.permission", "pk": 57, "fields": {"name": "Can add user social auth", "content_type": 15, "codename": "add_usersocialauth"}}, {"model": "auth.permission", "pk": 58, "fields": {"name": "Can change user social auth", "content_type": 15, "codename": "change_usersocialauth"}}, {"model": "auth.permission", "pk": 59, "fields": {"name": "Can delete user social auth", "content_type": 15, "codename": "delete_usersocialauth"}}, {"model": "auth.permission", "pk": 60, "fields": {"name": "Can view user social auth", "content_type": 15, "codename": "view_usersocialauth"}}, {"model": "auth.permission", "pk": 61, "fields": {"name": "Can add partial", "content_type": 16, "codename": "add_partial"}}, {"model": "auth.permission", "pk": 62, "fields": {"name": "Can change partial", "content_type": 16, "codename": "change_partial"}}, {"model": "auth.permission", "pk": 63, "fields": {"name": "Can delete partial", "content_type": 16, "codename": "delete_partial"}}, {"model": "auth.permission", "pk": 64, "fields": {"name": "Can view partial", "content_type": 16, "codename": "view_partial"}}, {"model": "auth.permission", "pk": 65, "fields": {"name": "Can add shop user profile", "content_type": 17, "codename": "add_shopuserprofile"}}, {"model": "auth.permission", "pk": 66, "fields": {"name": "Can change shop user profile", "content_type": 17, "codename": "change_shopuserprofile"}}, {"model": "auth.permission", "pk": 67, "fields": {"name": "Can delete shop user profile", "content_type": 17, "codename": "delete_shopuserprofile"}}, {"model": "auth.permission", "pk": 68, "fields": {"name": "Can view shop user profile", "content_type": 17, "codename": "view_shopuserprofile"}}, {"model": "auth.permission", "pk": 69, "fields": {"name": "Can add meta", "content_type": 18, "codename": "add_meta"}}, {"model": "auth.permission", "pk": 70, "fields": {"name": "Can change meta", "content_type": 18, "codename": "change_meta"}}, {"model": "auth.permission", "pk": 71, "fields": {"name": "Can delete meta", "content_type": 18, "codename": "delete_meta"}}, {"model": "auth.permission", "pk": 72, "fields": {"name": "Can view meta", "content_type": 18, "codename": "view_meta"}}, {"model": "auth.permission", "pk": 73, "fields": {"name": "Can add order", "content_type": 19, "codename": "add_order"}}, {"model": "auth.permission", "pk": 74, "fields": {"name": "Can change order", "content_type": 19, "codename": "change_order"}}, {"model": "auth.permission", "pk": 75, "fields": {"name": "Can delete order", "content_type": 19, "codename": "delete_order"}}, {"model": "auth.permission", "pk": 76, "fields": {"name": "Can view order", "content_type": 19, "codename": "view_order"}}, {"model": "auth.permission", "pk": 77, "fields": {"name": "Can add order items", "content_type": 20, "codename": "add_orderitems"}}, {"model": "auth.permission", "pk": 78, "fields": {"name": "Can change order items", "content_type": 20, "codename": "change_orderitems"}}, {"model": "auth.permission", "pk": 79, "fields": {"name": "Can delete order items", "content_type": 20, "codename": "delete_orderitems"}}, {"model": "auth.permission", "pk": 80, "fields": {"name": "Can view order items", "content_type": 20, "codename": "view_orderitems"}}, {"model": "sessions.session", "pk": "40wrb3b6t15rwknvuhdh8arbs4zcvvq9", "fields": {"session_data": "ZTE0YzhjNDY4NWZhYjE4MGZlZjk0YmZmMjgwOGZmOTRhMTE2YWU5NDp7Il9hdXRoX3VzZXJfaWQiOiIxIiwiX2F1dGhfdXNlcl9iYWNrZW5kIjoiZGphbmdvLmNvbnRyaWIuYXV0aC5iYWNrZW5kcy5Nb2RlbEJhY2tlbmQiLCJfYXV0aF91c2VyX2hhc2giOiJiMDhlYmZhYmFiOGNlYWFlMzY3MzlhMGNhYmQzZTg4ZDhmNWQyYmRhIn0=", "expire_date": "2020-10-24T17:46:46.189Z"}}, {"model": "sessions.session", "pk": "674b3mktgce35q06vavqaur1im5w9552", "fields": {"session_data": "OGMxODE3NzA5YzMyNWExZDA5MjBiNDBiMDIwZjViNTZmZDVhNWQ1MDp7Im5leHQiOiIvIiwidmstb2F1dGgyX3N0YXRlIjoiNWlQdWZtSHFxRTVHQnAzSFY4dXJuTFplV2s0VWJBelkiLCJfYXV0aF91c2VyX2lkIjoiMTEiLCJfYXV0aF91c2VyX2JhY2tlbmQiOiJzb2NpYWxfY29yZS5iYWNrZW5kcy52ay5WS09BdXRoMiIsIl9hdXRoX3VzZXJfaGFzaCI6IjA5Y2Y0Y2M3NDM4NmJiODRiNWIzNTJiMzdiZDJhZDA5Nzc4OTE2YWQiLCJzb2NpYWxfYXV0aF9sYXN0X2xvZ2luX2JhY2tlbmQiOiJ2ay1vYXV0aDIifQ==", "expire_date": "2020-11-08T19:11:38.914Z"}}, {"model": "sessions.session", "pk": "7cw2i6vt9j22yz7txzv6kq69mulvzogp", "fields": {"session_data": "OTQ3OTgxYTI1OGM0ZjdlZTg3YjljOGMxNjQ5MjNjZmY2ZjBlOTQ2MTp7Im5leHQiOiIvIiwidmstb2F1dGgyX3N0YXRlIjoic2M3Tkptb1M4VXZScFlQSDJpUEFrMGQ3bEJjWUJzNW8iLCJfYXV0aF91c2VyX2lkIjoiMTEiLCJfYXV0aF91c2VyX2JhY2tlbmQiOiJzb2NpYWxfY29yZS5iYWNrZW5kcy52ay5WS09BdXRoMiIsIl9hdXRoX3VzZXJfaGFzaCI6IjBlNDZjZTMwNDc1ZWJhNDJiZDY2ZDQzYWI0ZDcwZWU5MDI4ODVkYWUiLCJzb2NpYWxfYXV0aF9sYXN0X2xvZ2luX2JhY2tlbmQiOiJ2ay1vYXV0aDIifQ==", "expire_date": "2020-11-08T21:53:30.826Z"}}, {"model": "sessions.session", "pk": "alexm9cbqk63n5qqv3u4yqb32og6h4kt", "fields": {"session_data": "ZTE0YzhjNDY4NWZhYjE4MGZlZjk0YmZmMjgwOGZmOTRhMTE2YWU5NDp7Il9hdXRoX3VzZXJfaWQiOiIxIiwiX2F1dGhfdXNlcl9iYWNrZW5kIjoiZGphbmdvLmNvbnRyaWIuYXV0aC5iYWNrZW5kcy5Nb2RlbEJhY2tlbmQiLCJfYXV0aF91c2VyX2hhc2giOiJiMDhlYmZhYmFiOGNlYWFlMzY3MzlhMGNhYmQzZTg4ZDhmNWQyYmRhIn0=", "expire_date": "2020-11-08T22:02:16.645Z"}}, {"model": "sessions.session", "pk": "ew0tlmuzspx80esiglg43h5oqxxeoc3b", "fields": {"session_data": "MDI0MTFhZTg1NjI0NWRmY2VkODExYTU2ZWIyMmJiOTZiZjMyZmIyMTp7Im5leHQiOiIvIiwidmstb2F1dGgyX3N0YXRlIjoiU2hvQ0FRSnZhVmcxd1Z4YlVrRUFJdVRTWm9nTXZUTGsiLCJfYXV0aF91c2VyX2lkIjoiMSIsIl9hdXRoX3VzZXJfYmFja2VuZCI6ImRqYW5nby5jb250cmliLmF1dGguYmFja2VuZHMuTW9kZWxCYWNrZW5kIiwiX2F1dGhfdXNlcl9oYXNoIjoiYjA4ZWJmYWJhYjhjZWFhZTM2NzM5YTBjYWJkM2U4OGQ4ZjVkMmJkYSJ9", "expire_date": "2020-11-15T08:05:25.945Z"}}, {"model": "sessions.session", "pk": "fdz06rejaj2sz3uvii7x4zu4hkkrl1cj", "fields": {"session_data": "Mzc2ZWEyM2ZhOTQ4NTIyMTVhMDVhY2NkMGY2ZDJiMjhmYjU2ZThjYTp7Il9hdXRoX3VzZXJfaWQiOiIxMCIsIl9hdXRoX3VzZXJfYmFja2VuZCI6ImRqYW5nby5jb250cmliLmF1dGguYmFja2VuZHMuTW9kZWxCYWNrZW5kIiwiX2F1dGhfdXNlcl9oYXNoIjoiMzdlMDY2YWJjMzJmNDI5NWJlNTBjMjFkMDdkMGY5ZDliNTgzY2IwZiJ9", "expire_date": "2020-11-05T06:42:41.382Z"}}, {"model": "sessions.session", "pk": "ovxtrag2lkh4s8egbml6aiskfys2h1zs", "fields": {"session_data": "Mjc3YzE1ODk3NGYwZDU1MWIxOGFiODk4NjRmMDRmODJlYjYyMDhmMzp7Il9hdXRoX3VzZXJfaWQiOiI4IiwiX2F1dGhfdXNlcl9iYWNrZW5kIjoiZGphbmdvLmNvbnRyaWIuYXV0aC5iYWNrZW5kcy5Nb2RlbEJhY2tlbmQiLCJfYXV0aF91c2VyX2hhc2giOiIzZDIxMjJhYTYzNDdjZDIwNzljYmNjNGE4YWU4MTEzYjMzODI3Mzk3In0=", "expire_date": "2020-11-05T06:37:50.314Z"}}, {"model": "sessions.session", "pk": "t4nsfrz7dizuxcoq5982vakc874or7w3", "fields": {"session_data": "OGViNmU5YzVjMjcyMGUyMGJlNTUxY2Q5N2FiYjZkOTNmZjc4NzA1Nzp7Im5leHQiOiIvIiwidmstb2F1dGgyX3N0YXRlIjoiVmJ6OUJsNURObWI4S2pSNjFOdE5ONmZpb3o0NUF6UTMifQ==", "expire_date": "2020-11-08T19:01:28.077Z"}}, {"model": "sessions.session", "pk": "xmpefmnnc0ut7rsdqhe26qdbijdwetja", "fields": {"session_data": "YmVkODQyMzNkZmFlNWRlNTI4YjY3NGEzYTJhY2M2ZTI1ZTJmNjg3YTp7Im5leHQiOiIvIiwidmstb2F1dGgyX3N0YXRlIjoiV1E2RGlHVHZ6OHd0UGpkbERHUXc3U0VYeUpuZHprU0sifQ==", "expire_date": "2020-11-08T19:02:23.994Z"}}, {"model": "mainapp.productcategory", "pk": 1, "fields": {"name": "Enim", "description": "Nemo enim ipsam voluptatem quia voluptas sit aspernatur", "is_active": true}}, {"model": "mainapp.productcategory", "pk": 2, "fields": {"name": "Itaque", "description": "Itaque earum rerum hic tenetur a sapiente delectus", "is_active": true}}, {"model": "mainapp.productcategory", "pk": 3, "fields": {"name": "Quis", "description": "Quis autem vel eum iure reprehenderit qui in ea voluptate velit esse", "is_active": true}}, {"model": "mainapp.productcategory", "pk": 4, "fields": {"name": "test", "description": "test category", "is_active": false}}, {"model": "mainapp.product", "pk": 12, "fields": {"category": 1, "name": "TOMB RAIDER", "image": "products/gallery1.jpg", "description": "Lorem ipsum dolor sit amet, consectetur adipiscing elit, sed do eiusmod tempor incididunt. Consectetur adipiscing elit, sed do eiusmod tempor incididunt ut labore et dolore magna aliqua. Ut enim ad minim veniam, quis nostrud exercitation ullamco laboris nisi ut aliquip ex ea commodo consequat. Duis aute irure dolor in venus.", "short_description": "Lorem ipsum dolor sit amet, consectetur adipiscing elit, sed do eiusmod tempor incididunt", "price": "34.00", "quantity": 15, "is_active": true}}, {"model": "mainapp.product", "pk": 13, "fields": {"category": 1, "name": "ASSASIN\u0432\u0402\u2122S CREED: Rogue", "image": "products/gallery2.jpg", "description": "Excepteur sint occaecat cupidatat, dolore eu fugiat nulla pariatur non proident. Dolorem sit amet, consectetur adipiscing elit, sed do eiusmod tempor incididunt ut labore et fugiat nulla pariatur dolore magna aliqua. Irure dolor in reprehenderit in voluptate velit esse cillum dolore eu fugiat nulla pariatur. Ut enim ad minim veniam, quis nostrud exercitation ullamco laboris nisi ut aliquip ex ea commodo consequat.", "short_description": "Excepteur sint occaecat cupidatat, dolore eu fugiat nulla pariatur non proident.", "price": "117.00", "quantity": 76, "is_active": false}}, {"model": "mainapp.product", "pk": 14, "fields": {"category": 1, "name": "RYSE: Son Of Rome", "image": "products/gallery3.jpg", "description": "Nam tempor utamur gubergren no. Pri quas audiam virtute ut, case utamur fuisset eam ut, dolor in reprehenderit iisque accommodare an eam. Reque blandit qui eu, cu vix nonumy volumus. Intellegam fugiat nulla pariatur id usu, vide oporteat vix eu, id illud principes has.", "short_description": "Nam tempor utamur gubergren no. Pri quas audiam virtute ut, case utamur fuisset eam ut.", "price": "96.00", "quantity": 24, "is_active": true}}, {"model": "mainapp.product", "pk": 15, "fields": {"category": 1, "name": "WORLD OF WARCRAFT: Wrath Of The Linch King", "image": "products/gallery4.jpg", "description": "Consectetur adipiscing elit, sed do eiusmod tempor incididunt ut labore et dolore magna aliqua. Excepteur sint occaecat cupidatat non proident, sunt in culpa qui officia deserunt mollit anim id est laborum. Ut enim ad minim veniam, quis nostrud exercitation ullamco laboris nisi ut aliquip ex ea commodo consequat. Duis aute irure dolor in reprehenderit in voluptate velit esse cillum dolore eu fugiat nulla pariatur.", "short_description": "Consectetur adipiscing elit, sed do eiusmod tempor incididunt ut labore et dolore magna aliqua.", "price": "54.00", "quantity": 44, "is_active": true}}, {"model": "mainapp.product", "pk": 16, "fields": {"category": 2, "name": "BATTLEFIELD 1", "image": "products/gallery5.jpg", "description": "Lorem ipsum dolor sit amet, consectetur adipiscing elit, sed do eiusmod tempor incididunt ut labore et dolore magna aliqua. Ut enim ad minim veniam, quis nostrud exercitation ullamco laboris nisi ut aliquip ex ea commodo consequat. Duis aute irure dolor in reprehenderit in voluptate velit esse cillum. In culpa qui officia deserunt mollit anim id est laborum.", "short_description": "Lorem ipsum dolor sit amet, consectetur adipiscing elit, sed do eiusmod tempor incididunt", "price": "34.00", "quantity": 13, "is_active": true}}, {"model": "mainapp.product", "pk": 17, "fields": {"category": 2, "name": "STAR WARS: Battlefront II", "image": "products/gallery6.jpg", "description": "Excepteur sint occaecat cupidatat, dolore eu fugiat nulla pariatur non proident. Dolorem sit amet, consectetur adipiscing elit, sed do eiusmod tempor incididunt ut labore et fugiat nulla pariatur dolore magna aliqua. Irure dolor in reprehenderit in voluptate velit esse cillum dolore eu fugiat nulla pariatur. Ut enim ad minim veniam, quis nostrud exercitation ullamco laboris nisi ut aliquip ex ea commodo consequat.", "short_description": "Excepteur sint occaecat cupidatat, dolore eu fugiat nulla pariatur non proident.", "price": "117.00", "quantity": 76, "is_active": true}}, {"model": "mainapp.product", "pk": 18, "fields": {"category": 2, "name": "BATTLEFIELD 4", "image": "products/gallery7.jpg", "description": "Nam tempor utamur gubergren no. Pri quas audiam virtute ut, case utamur fuisset eam ut, dolor in reprehenderit iisque accommodare an eam. Reque blandit qui eu, cu vix nonumy volumus. Intellegam fugiat nulla pariatur id usu, vide oporteat vix eu, id illud principes has.", "short_description": "Nam tempor utamur gubergren no. Pri quas audiam virtute ut, case utamur fuisset eam ut.", "price": "96.00", "quantity": 24, "is_active": true}}, {"model": "mainapp.product", "pk": 19, "fields": {"category": 3, "name": "WORLD OF TANKS", "image": "products/gallery8.jpg", "description": "Consectetur adipiscing elit, sed do eiusmod tempor incididunt ut labore et dolore magna aliqua. Excepteur sint occaecat cupidatat non proident, sunt in culpa qui officia deserunt mollit anim id est laborum. Ut enim ad minim veniam, quis nostrud exercitation ullamco laboris nisi ut aliquip ex ea commodo consequat. Duis aute irure dolor in reprehenderit in voluptate velit esse cillum dolore eu fugiat nulla pariatur.", "short_description": "Consectetur adipiscing elit, sed do eiusmod tempor incididunt ut labore et dolore magna aliqua.", "price": "54.00", "quantity": 46, "is_active": true}}, {"model": "mainapp.product", "pk": 20, "fields": {"category": 3, "name": "FOR HONOR", "image": "products/gallery9.jpg", "description": "Nostrud exercitation ullamco laboris nisi ut aliquip ex ea commodo consequat. Duis aute irure dolor in reprehenderit in voluptate velit esse cillum dolore eu fugiat nulla pariatur.Consectetur adipiscing elit, sed do eiusmod tempor incididunt ut labore et dolore magna aliqua.", "short_description": "Nostrud exercitation ullamco laboris nisi ut aliquip ex ea commodo consequat.", "price": "88.00", "quantity": 17, "is_active": true}}, {"model": "mainapp.product", "pk": 21, "fields": {"category": 3, "name": "WORLD OF WARSHIPS", "image": "products/gallery10.jpg", "description": "Excepteur sint occaecat cupidatat non proident, sunt in culpa qui officia deserunt mollit anim id est laborum. Elit esse cillum dolore eu fugiat nulla pariatur. Excepteur sint occaecat. Reprehenderit in voluptate, esse cillum dolor velit esse cillum.", "short_description": "Excepteur sint occaecat cupidatat non proident, sunt in culpa qui officia deserunt.", "price": "67.00", "quantity": 100, "is_active": true}}, {"model": "mainapp.product", "pk": 22, "fields": {"category": 3, "name": "CALL OF DUTY: Infinite Warface", "image": "products/gallery11.jpg", "description": "Reprehenderit in voluptate velit esse cillum dolore sint occaecat cupidatat non proident, sunt in culpa qui officia deserunt mollit anim id est laborum. Lorem ipsum dolor sit amet, consectetur adipiscing elit, sed do eiusmod tempor incididunt ut labore et dolore magna aliqua. Ut enim nostrud exercitation ullamco laboris nisi ut aliquip ex ea commodo consequat. Duis aute irure dolor in venus.", "short_description": "Reprehenderit in voluptate velit esse cillum dolore sint occaecat cupidatat non proident.", "price": "64.00", "quantity": 37, "is_active": true}}, {"model": "mainapp.contact", "pk": 2, "fields": {"name": "Historical games Ltd", "address": "Leningradsky AVE 39, BLDG 79 <br>MOSCOW 125167, Russia", "phone": "+00 111 222 3333", "fax": "+1 888 888 4444", "email": "mail@example.com"}}, {"model": "authapp.shopuser", "pk": 1, "fields": {"password": "pbkdf2_sha256$150000$KBwiNoswtJXf$ibwmsS+gTzLz1nyREbk1Akldf+6d52bwcLMXGqZFvVw=", "last_login": "2020-11-01T08:05:25.917Z", "is_superuser": true, "username": "django", "first_name": "", "last_name": "", "email": "", "is_staff": true, "is_active": true, "date_joined": "2020-09-29T17:50:15.240Z", "avatar": "", "age": 30, "activation_key": "", "activation_key_expires": "2020-10-23T20:15:40.965Z", "groups": [], "user_permissions": []}}, {"model": "authapp.shopuser", "pk": 2, "fields": {"password": "pbkdf2_sha256$150000$5YAJpVxBaJVo$cdP4oUy4KcXB+NcvgfbP286wIqH70U4ec4nl7jTaILM=", "last_login": "2020-09-29T21:25:22.829Z", "is_superuser": false, "username": "elena", "first_name": "\u0415\u043b\u0435\u043d\u0430", "last_name": "", "email": "", "is_staff": false, "is_active": true, "date_joined": "2020-09-29T20:54:38.910Z", "avatar": "", "age": 35, "activation_key": "", "activation_key_expires": "2020-10-23T20:15:40.965Z", "groups": [], "user_permissions": []}}, {"model": "authapp.shopuser", "pk": 3, "fields": {"password": "pbkdf2_sha256$150000$oEBnbVC2W4Jv$ILIylFdmNOSQhaRe2m2b09RO1N+jsFryibFIM1C/V1I=", "last_login": null, "is_superuser": false, "username": "demo", "first_name": "John", "last_name": "", "email": "demo@demo.com", "is_staff": false, "is_active": true, "date_joined": "2020-10-11T10:52:05.481Z", "avatar": "", "age": 44, "activation_key": "", "activation_key_expires": "2020-10-23T20:15:40.965Z", "groups": [], "user_permissions": []}}, {"model": "authapp.shopuser", "pk": 4, "fields": {"password": "pbkdf2_sha256$150000$Nc7g0vUozf4o$z2r3rTiYo9sKMP8CM+fXjE3TfL36kNxkYI2mYIBY430=", "last_login": null, "is_superuser": false, "username": "django11", "first_name": "Asher", "last_name": "", "email": "admin@test.ru", "is_staff": false, "is_active": false, "date_joined": "2020-10-21T20:21:36.923Z", "avatar": "", "age": 23, "activation_key": "c48be3ff2f17581c90ffb35dd11dbfe5a9fd79b9", "activation_key_expires": "2020-10-23T20:19:53.892Z", "groups": [], "user_permissions": []}}, {"model": "authapp.shopuser", "pk": 5, "fields": {"password": "pbkdf2_sha256$150000$6URS8xCR3xAK$50itW1pdKaSbPd/eaoRBDLEIHK926guYNAwQzPgFgew=", "last_login": null, "is_superuser": false, "username": "django12", "first_name": "Asher", "last_name": "", "email": "admin@test.ru", "is_staff": false, "is_active": false, "date_joined": "2020-10-21T20:30:45.492Z", "avatar": "", "age": 23, "activation_key": "7725fb4373d40ecae7b0a1b44f1c5b4b6f2664f4", "activation_key_expires": "2020-10-23T20:30:03.814Z", "groups": [], "user_permissions": []}}, {"model": "authapp.shopuser", "pk": 6, "fields": {"password": "pbkdf2_sha256$150000$H9s4rU3cdaeL$tI9XK5mirgVSIo85z5TOixqyZIP4W8mE8+bzVwihr0o=", "last_login": null, "is_superuser": false, "username": "django13", "first_name": "Asher", "last_name": "", "email": "admin@test.ru", "is_staff": false, "is_active": false, "date_joined": "2020-10-21T20:32:47.804Z", "avatar": "", "age": 23, "activation_key": "15164c1d2d29dee8a6d01ba553a7335099f0a83b", "activation_key_expires": "2020-10-23T20:31:56.008Z", "groups": [], "user_permissions": []}}, {"model": "authapp.shopuser", "pk": 7, "fields": {"password": "pbkdf2_sha256$150000$rSvAzw54hc9h$22smxgN8+BMm4dMUchLX0MFiLLZaM6u/Ov2dt4iHar0=", "last_login": null, "is_superuser": false, "username": "admin11", "first_name": "Asher", "last_name": "", "email": "admin@test.ru", "is_staff": false, "is_active": false, "date_joined": "2020-10-21T20:49:00.749Z", "avatar": "", "age": 22, "activation_key": "1c1527e3fcd56a4e976690f096eae5e5e2f58c6b", "activation_key_expires": "2020-10-23T20:41:45.929Z", "groups": [], "user_permissions": []}}, {"model": "authapp.shopuser", "pk": 8, "fields": {"password": "pbkdf2_sha256$150000$Pb8KFRovVvgf$Hi0hTqkFsQXGYMyiAO5PEIjb4w2qOj1flnntC+mZBO4=", "last_login": "2020-10-22T06:37:50.276Z", "is_superuser": false, "username": "test", "first_name": "testtest", "last_name": "", "email": "test@test.ru", "is_staff": false, "is_active": true, "date_joined": "2020-10-22T06:19:41.145Z", "avatar": "", "age": 44, "activation_key": "24b0a6c29fb9f5bd2a5f4b1f2be5327cd1e16d65", "activation_key_expires": "2020-10-24T06:14:39.599Z", "groups": [], "user_permissions": []}}, {"model": "authapp.shopuser", "pk": 9, "fields": {"password": "pbkdf2_sha256$150000$IP28Usbe0bwp$zINXrmK9ZjX8paeGxlVbZ4pPSkrDR043EqYtMSB2bVU=", "last_login": null, "is_superuser": false, "username": "doe", "first_name": "john", "last_name": "", "email": "mary@gmail.com", "is_staff": false, "is_active": false, "date_joined": "2020-10-22T06:40:02.200Z", "avatar": "", "age": 19, "activation_key": "ebff6149d62822f5c28793d193aa179626add379", "activation_key_expires": "2020-10-24T06:14:39.599Z", "groups": [], "user_permissions": []}}, {"model": "authapp.shopuser", "pk": 10, "fields": {"password": "pbkdf2_sha256$150000$pnDn9mOCX5AY$M6Ox0AyT+ifRkm9Y0KUly2f5JENRtLB4Nu8urILDKvA=", "last_login": "2020-10-22T06:42:41.341Z", "is_superuser": false, "username": "doe11", "first_name": "john", "last_name": "", "email": "mary11@gmail.com", "is_staff": false, "is_active": true, "date_joined": "2020-10-22T06:41:13.493Z", "avatar": "", "age": 19, "activation_key": "5e719d5adf113069c876d3671147ed04e8f246d0", "activation_key_expires": "2020-10-24T06:40:44.728Z", "groups": [], "user_permissions": []}}, {"model": "authapp.shopuser", "pk": 12, "fields": {"password": "!2Ts2ZqfVrtgfvNj1DTmHAHpRaRdzaW3lFy4FQMwd", "last_login": "2020-10-25T21:59:37.915Z", "is_superuser": false, "username": "elena_m_nikolaeva", "first_name": "\u0415\u043b\u0435\u043d\u0430", "last_name": "\u041d\u0438\u043a\u043e\u043b\u0430\u0435\u0432\u0430", "email": "elena@progtech.ru", "is_staff": false, "is_active": true, "date_joined": "2020-10-25T21:59:37.475Z", "avatar": "aFmbdxcnKGo.jpg", "age": 18, "activation_key": "", "activation_key_expires": "2020-10-27T21:59:30.314Z", "groups": [], "user_permissions": []}}, {"model": "authapp.shopuserprofile", "pk": 1, "fields": {"user": 1, "tagline": "", "aboutMe": "", "gender": ""}}, {"model": "authapp.shopuserprofile", "pk": 2, "fields": {"user": 2, "tagline": "", "aboutMe": "", "gender": ""}}, {"model": "authapp.shopuserprofile", "pk": 3, "fields": {"user": 3, "tagline": "", "aboutMe": "", "gender": ""}}, {"model": "authapp.shopuserprofile", "pk": 4, "fields": {"user": 4, "tagline": "", "aboutMe": "", "gender": ""}}, {"model": "authapp.shopuserprofile", "pk": 5, "fields": {"user": 5, "tagline": "", "aboutMe": "", "gender": ""}}, {"model": "authapp.shopuserprofile", "pk": 6, "fields": {"user": 6, "tagline": "", "aboutMe": "", "gender": ""}}, {"model": "authapp.shopuserprofile", "pk": 7, "fields": {"user": 7, "tagline": "", "aboutMe": "", "gender": ""}}, {"model": "authapp.shopuserprofile", "pk": 8, "fields": {"user": 8, "tagline": "", "aboutMe": "", "gender": ""}}, {"model": "authapp.shopuserprofile", "pk": 9, "fields": {"user": 9, "tagline": "", "aboutMe": "", "gender": ""}}, {"model": "authapp.shopuserprofile", "pk": 10, "fields": {"user": 10, "tagline": "", "aboutMe": "", "gender": ""}}, {"model": "authapp.shopuserprofile", "pk": 13, "fields": {"user": 12, "tagline": "", "aboutMe": "", "gender": "W"}}, {"model": "basketapp.basket", "pk": 10, "fields": {"user": 1, "product": 15, "quantity": 1, "add_datetime": "2020-11-01T18:53:30.048Z"}}, {"model": "orderapp.order", "pk": 1, "fields": {"user": 1, "created": "2020-11-01T12:54:37.523Z", "updated": "2020-11-01T12:54:37.523Z", "status": "FM", "is_active": true}}, {"model": "orderapp.order", "pk": 2, "fields": {"user": 1, "created": "2020-11-01T13:56:23.105Z", "updated": "2020-11-01T15:12:23.129Z", "status": "STP", "is_active": true}}, {"model": "orderapp.order", "pk": 3, "fields": {"user": 1, "created": "2020-11-01T14:00:32.132Z", "updated": "2020-11-01T14:31:16.037Z", "status": "FM", "is_active": false}}, {"model": "orderapp.order", "pk": 4, "fields": {"user": 1, "created": "2020-11-01T17:54:19.914Z", "updated": "2020-11-01T17:54:20.036Z", "status": "FM", "is_active": true}}, {"model": "orderapp.orderitems", "pk": 1, "fields": {"order": 1, "product": 12, "quantity": 2}}, {"model": "orderapp.orderitems", "pk": 2, "fields": {"order": 2, "product": 15, "quantity": 1}}, {"model": "orderapp.orderitems", "pk": 3, "fields": {"order": 2, "product": 19, "quantity": 1}}, {"model": "orderapp.orderitems", "pk": 4, "fields": {"order": 3, "product": 15, "quantity": 2}}, {"model": "orderapp.orderitems", "pk": 5, "fields": {"order": 3, "product": 19, "quantity": 3}}, {"model": "orderapp.orderitems", "pk": 6, "fields": {"order": 4, "product": 12, "quantity": 1}}, {"model": "social_django.usersocialauth", "pk": 3, "fields": {"user": 12, "provider": "vk-oauth2", "uid": "32002202", "extra_data": "{\"auth_time\": 1603663177, \"id\": 32002202, \"expires\": 86400, \"access_token\": \"4999d7e8c2723931d47e1984ebfd5471586ed586944a251208288e927626420c5aeed86dccdfb73b35941\", \"token_type\": null}", "created": "2020-10-25T21:59:37.844Z", "modified": "2020-10-25T21:59:37.854Z"}}]