[{"model": "mainapp.productcategory", "pk": 1, "fields": {"name": "Enim", "description": "Nemo enim ipsam voluptatem quia voluptas sit aspernatur", "is_active": true}}, {"model": "mainapp.productcategory", "pk": 2, "fields": {"name": "Itaque", "description": "Itaque earum rerum hic tenetur a sapiente delectus", "is_active": true}}, {"model": "mainapp.productcategory", "pk": 3, "fields": {"name": "Quis", "description": "Quis autem vel eum iure reprehenderit qui in ea voluptate velit esse", "is_active": true}}, {"model": "mainapp.productcategory", "pk": 4, "fields": {"name": "test", "description": "test category", "is_active": false}}, {"model": "mainapp.product", "pk": 12, "fields": {"category": 1, "name": "TOMB RAIDER", "image": "products/gallery1.jpg", "description": "Lorem ipsum dolor sit amet, consectetur adipiscing elit, sed do eiusmod tempor incididunt. Consectetur adipiscing elit, sed do eiusmod tempor incididunt ut labore et dolore magna aliqua. Ut enim ad minim veniam, quis nostrud exercitation ullamco laboris nisi ut aliquip ex ea commodo consequat. Duis aute irure dolor in venus.", "short_description": "Lorem ipsum dolor sit amet, consectetur adipiscing elit, sed do eiusmod tempor incididunt", "price": "34.00", "quantity": 14, "is_active": true}}, {"model": "mainapp.product", "pk": 13, "fields": {"category": 1, "name": "ASSASIN\u0432\u0402\u2122S CREED: Rogue", "image": "products/gallery2.jpg", "description": "Excepteur sint occaecat cupidatat, dolore eu fugiat nulla pariatur non proident. Dolorem sit amet, consectetur adipiscing elit, sed do eiusmod tempor incididunt ut labore et fugiat nulla pariatur dolore magna aliqua. Irure dolor in reprehenderit in voluptate velit esse cillum dolore eu fugiat nulla pariatur. Ut enim ad minim veniam, quis nostrud exercitation ullamco laboris nisi ut aliquip ex ea commodo consequat.", "short_description": "Excepteur sint occaecat cupidatat, dolore eu fugiat nulla pariatur non proident.", "price": "117.00", "quantity": 75, "is_active": false}}, {"model": "mainapp.product", "pk": 14, "fields": {"category": 1, "name": "RYSE: Son Of Rome", "image": "products/gallery3.jpg", "description": "Nam tempor utamur gubergren no. Pri quas audiam virtute ut, case utamur fuisset eam ut, dolor in reprehenderit iisque accommodare an eam. Reque blandit qui eu, cu vix nonumy volumus. Intellegam fugiat nulla pariatur id usu, vide oporteat vix eu, id illud principes has.", "short_description": "Nam tempor utamur gubergren no. Pri quas audiam virtute ut, case utamur fuisset eam ut.", "price": "96.00", "quantity": 24, "is_active": true}}, {"model": "mainapp.product", "pk": 15, "fields": {"category": 1, "name": "WORLD OF WARCRAFT: Wrath Of The Linch King", "image": "products/gallery4.jpg", "description": "Consectetur adipiscing elit, sed do eiusmod tempor incididunt ut labore et dolore magna aliqua. Excepteur sint occaecat cupidatat non proident, sunt in culpa qui officia deserunt mollit anim id est laborum. Ut enim ad minim veniam, quis nostrud exercitation ullamco laboris nisi ut aliquip ex ea commodo consequat. Duis aute irure dolor in reprehenderit in voluptate velit esse cillum dolore eu fugiat nulla pariatur.", "short_description": "Consectetur adipiscing elit, sed do eiusmod tempor incididunt ut labore et dolore magna aliqua.", "price": "54.00", "quantity": 44, "is_active": true}}, {"model": "mainapp.product", "pk": 16, "fields": {"category": 2, "name": "BATTLEFIELD 1", "image": "products/gallery5.jpg", "description": "Lorem ipsum dolor sit amet, consectetur adipiscing elit, sed do eiusmod tempor incididunt ut labore et dolore magna aliqua. Ut enim ad minim veniam, quis nostrud exercitation ullamco laboris nisi ut aliquip ex ea commodo consequat. Duis aute irure dolor in reprehenderit in voluptate velit esse cillum. In culpa qui officia deserunt mollit anim id est laborum.", "short_description": "Lorem ipsum dolor sit amet, consectetur adipiscing elit, sed do eiusmod tempor incididunt", "price": "34.00", "quantity": 13, "is_active": true}}, {"model": "mainapp.product", "pk": 17, "fields": {"category": 2, "name": "STAR WARS: Battlefront II", "image": "products/gallery6.jpg", "description": "Excepteur sint occaecat cupidatat, dolore eu fugiat nulla pariatur non proident. Dolorem sit amet, consectetur adipiscing elit, sed do eiusmod tempor incididunt ut labore et fugiat nulla pariatur dolore magna aliqua. Irure dolor in reprehenderit in voluptate velit esse cillum dolore eu fugiat nulla pariatur. Ut enim ad minim veniam, quis nostrud exercitation ullamco laboris nisi ut aliquip ex ea commodo consequat.", "short_description": "Excepteur sint occaecat cupidatat, dolore eu fugiat nulla pariatur non proident.", "price": "117.00", "quantity": 76, "is_active": true}}, {"model": "mainapp.product", "pk": 18, "fields": {"category": 2, "name": "BATTLEFIELD 4", "image": "products/gallery7.jpg", "description": "Nam tempor utamur gubergren no. Pri quas audiam virtute ut, case utamur fuisset eam ut, dolor in reprehenderit iisque accommodare an eam. Reque blandit qui eu, cu vix nonumy volumus. Intellegam fugiat nulla pariatur id usu, vide oporteat vix eu, id illud principes has.", "short_description": "Nam tempor utamur gubergren no. Pri quas audiam virtute ut, case utamur fuisset eam ut.", "price": "96.00", "quantity": 24, "is_active": true}}, {"model": "mainapp.product", "pk": 19, "fields": {"category": 3, "name": "WORLD OF TANKS", "image": "products/gallery8.jpg", "description": "Consectetur adipiscing elit, sed do eiusmod tempor incididunt ut labore et dolore magna aliqua. Excepteur sint occaecat cupidatat non proident, sunt in culpa qui officia deserunt mollit anim id est laborum. Ut enim ad minim veniam, quis nostrud exercitation ullamco laboris nisi ut aliquip ex ea commodo consequat. Duis aute irure dolor in reprehenderit in voluptate velit esse cillum dolore eu fugiat nulla pariatur.", "short_description": "Consectetur adipiscing elit, sed do eiusmod tempor incididunt ut labore et dolore magna aliqua.", "price": "54.00", "quantity": 46, "is_active": true}}, {"model": "mainapp.product", "pk": 20, "fields": {"category": 3, "name": "FOR HONOR", "image": "products/gallery9.jpg", "description": "Nostrud exercitation ullamco laboris nisi ut aliquip ex ea commodo consequat. Duis aute irure dolor in reprehenderit in voluptate velit esse cillum dolore eu fugiat nulla pariatur.Consectetur adipiscing elit, sed do eiusmod tempor incididunt ut labore et dolore magna aliqua.", "short_description": "Nostrud exercitation ullamco laboris nisi ut aliquip ex ea commodo consequat.", "price": "88.00", "quantity": 17, "is_active": true}}, {"model": "mainapp.product", "pk": 21, "fields": {"category": 3, "name": "WORLD OF WARSHIPS", "image": "products/gallery10.jpg", "description": "Excepteur sint occaecat cupidatat non proident, sunt in culpa qui officia deserunt mollit anim id est laborum. Elit esse cillum dolore eu fugiat nulla pariatur. Excepteur sint occaecat. Reprehenderit in voluptate, esse cillum dolor velit esse cillum.", "short_description": "Excepteur sint occaecat cupidatat non proident, sunt in culpa qui officia deserunt.", "price": "67.00", "quantity": 100, "is_active": true}}, {"model": "mainapp.product", "pk": 22, "fields": {"category": 3, "name": "CALL OF DUTY: Infinite Warface", "image": "products/gallery11.jpg", "description": "Reprehenderit in voluptate velit esse cillum dolore sint occaecat cupidatat non proident, sunt in culpa qui officia deserunt mollit anim id est laborum. Lorem ipsum dolor sit amet, consectetur adipiscing elit, sed do eiusmod tempor incididunt ut labore et dolore magna aliqua. Ut enim nostrud exercitation ullamco laboris nisi ut aliquip ex ea commodo consequat. Duis aute irure dolor in venus.", "short_description": "Reprehenderit in voluptate velit esse cillum dolore sint occaecat cupidatat non proident.", "price": "64.00", "quantity": 37, "is_active": true}}, {"model": "mainapp.contact", "pk": 2, "fields": {"name": "Historical games Ltd", "address": "Leningradsky AVE 39, BLDG 79 <br>MOSCOW 125167, Russia", "phone": "+00 111 222 3333", "fax": "+1 888 888 4444", "email": "mail@example.com"}}, {"model": "authapp.shopuser", "pk": 1, "fields": {"password": "pbkdf2_sha256$150000$KBwiNoswtJXf$ibwmsS+gTzLz1nyREbk1Akldf+6d52bwcLMXGqZFvVw=", "last_login": "2020-11-18T19:10:37.620Z", "is_superuser": true, "username": "django", "first_name": "", "last_name": "", "email": "", "is_staff": true, "is_active": true, "date_joined": "2020-09-29T17:50:15.240Z", "avatar": "", "age": 30, "activation_key": "", "activation_key_expires": "2020-10-23T20:15:40.965Z", "groups": [], "user_permissions": []}}, {"model": "authapp.shopuser", "pk": 2, "fields": {"password": "pbkdf2_sha256$150000$5YAJpVxBaJVo$cdP4oUy4KcXB+NcvgfbP286wIqH70U4ec4nl7jTaILM=", "last_login": "2020-09-29T21:25:22.829Z", "is_superuser": false, "username": "elena", "first_name": "\u0415\u043b\u0435\u043d\u0430", "last_name": "", "email": "", "is_staff": false, "is_active": true, "date_joined": "2020-09-29T20:54:38.910Z", "avatar": "", "age": 35, "activation_key": "", "activation_key_expires": "2020-10-23T20:15:40.965Z", "groups": [], "user_permissions": []}}, {"model": "authapp.shopuser", "pk": 3, "fields": {"password": "pbkdf2_sha256$150000$oEBnbVC2W4Jv$ILIylFdmNOSQhaRe2m2b09RO1N+jsFryibFIM1C/V1I=", "last_login": null, "is_superuser": false, "username": "demo", "first_name": "John", "last_name": "", "email": "demo@demo.com", "is_staff": false, "is_active": true, "date_joined": "2020-10-11T10:52:05.481Z", "avatar": "", "age": 44, "activation_key": "", "activation_key_expires": "2020-10-23T20:15:40.965Z", "groups": [], "user_permissions": []}}, {"model": "authapp.shopuser", "pk": 4, "fields": {"password": "pbkdf2_sha256$150000$Nc7g0vUozf4o$z2r3rTiYo9sKMP8CM+fXjE3TfL36kNxkYI2mYIBY430=", "last_login": null, "is_superuser": false, "username": "django11", "first_name": "Asher", "last_name": "", "email": "admin@test.ru", "is_staff": false, "is_active": false, "date_joined": "2020-10-21T20:21:36.923Z", "avatar": "", "age": 23, "activation_key": "c48be3ff2f17581c90ffb35dd11dbfe5a9fd79b9", "activation_key_expires": "2020-10-23T20:19:53.892Z", "groups": [], "user_permissions": []}}, {"model": "authapp.shopuser", "pk": 5, "fields": {"password": "pbkdf2_sha256$150000$6URS8xCR3xAK$50itW1pdKaSbPd/eaoRBDLEIHK926guYNAwQzPgFgew=", "last_login": null, "is_superuser": false, "username": "django12", "first_name": "Asher", "last_name": "", "email": "admin@test.ru", "is_staff": false, "is_active": false, "date_joined": "2020-10-21T20:30:45.492Z", "avatar": "", "age": 23, "activation_key": "7725fb4373d40ecae7b0a1b44f1c5b4b6f2664f4", "activation_key_expires": "2020-10-23T20:30:03.814Z", "groups": [], "user_permissions": []}}, {"model": "authapp.shopuser", "pk": 6, "fields": {"password": "pbkdf2_sha256$150000$H9s4rU3cdaeL$tI9XK5mirgVSIo85z5TOixqyZIP4W8mE8+bzVwihr0o=", "last_login": null, "is_superuser": false, "username": "django13", "first_name": "Asher", "last_name": "", "email": "admin@test.ru", "is_staff": false, "is_active": false, "date_joined": "2020-10-21T20:32:47.804Z", "avatar": "", "age": 23, "activation_key": "15164c1d2d29dee8a6d01ba553a7335099f0a83b", "activation_key_expires": "2020-10-23T20:31:56.008Z", "groups": [], "user_permissions": []}}, {"model": "authapp.shopuser", "pk": 7, "fields": {"password": "pbkdf2_sha256$150000$rSvAzw54hc9h$22smxgN8+BMm4dMUchLX0MFiLLZaM6u/Ov2dt4iHar0=", "last_login": null, "is_superuser": false, "username": "admin11", "first_name": "Asher", "last_name": "", "email": "admin@test.ru", "is_staff": false, "is_active": false, "date_joined": "2020-10-21T20:49:00.749Z", "avatar": "", "age": 22, "activation_key": "1c1527e3fcd56a4e976690f096eae5e5e2f58c6b", "activation_key_expires": "2020-10-23T20:41:45.929Z", "groups": [], "user_permissions": []}}, {"model": "authapp.shopuser", "pk": 8, "fields": {"password": "pbkdf2_sha256$150000$Pb8KFRovVvgf$Hi0hTqkFsQXGYMyiAO5PEIjb4w2qOj1flnntC+mZBO4=", "last_login": "2020-10-22T06:37:50.276Z", "is_superuser": false, "username": "test", "first_name": "testtest", "last_name": "", "email": "test@test.ru", "is_staff": false, "is_active": true, "date_joined": "2020-10-22T06:19:41.145Z", "avatar": "", "age": 44, "activation_key": "24b0a6c29fb9f5bd2a5f4b1f2be5327cd1e16d65", "activation_key_expires": "2020-10-24T06:14:39.599Z", "groups": [], "user_permissions": []}}, {"model": "authapp.shopuser", "pk": 9, "fields": {"password": "pbkdf2_sha256$150000$IP28Usbe0bwp$zINXrmK9ZjX8paeGxlVbZ4pPSkrDR043EqYtMSB2bVU=", "last_login": null, "is_superuser": false, "username": "doe", "first_name": "john", "last_name": "", "email": "mary@gmail.com", "is_staff": false, "is_active": false, "date_joined": "2020-10-22T06:40:02.200Z", "avatar": "", "age": 19, "activation_key": "ebff6149d62822f5c28793d193aa179626add379", "activation_key_expires": "2020-10-24T06:14:39.599Z", "groups": [], "user_permissions": []}}, {"model": "authapp.shopuser", "pk": 10, "fields": {"password": "pbkdf2_sha256$150000$pnDn9mOCX5AY$M6Ox0AyT+ifRkm9Y0KUly2f5JENRtLB4Nu8urILDKvA=", "last_login": "2020-10-22T06:42:41.341Z", "is_superuser": false, "username": "doe11", "first_name": "john", "last_name": "", "email": "mary11@gmail.com", "is_staff": false, "is_active": true, "date_joined": "2020-10-22T06:41:13.493Z", "avatar": "", "age": 19, "activation_key": "5e719d5adf113069c876d3671147ed04e8f246d0", "activation_key_expires": "2020-10-24T06:40:44.728Z", "groups": [], "user_permissions": []}}, {"model": "authapp.shopuser", "pk": 12, "fields": {"password": "!2Ts2ZqfVrtgfvNj1DTmHAHpRaRdzaW3lFy4FQMwd", "last_login": "2020-10-25T21:59:37.915Z", "is_superuser": false, "username": "elena_m_nikolaeva", "first_name": "\u0415\u043b\u0435\u043d\u0430", "last_name": "\u041d\u0438\u043a\u043e\u043b\u0430\u0435\u0432\u0430", "email": "elena@progtech.ru", "is_staff": false, "is_active": true, "date_joined": "2020-10-25T21:59:37.475Z", "avatar": "aFmbdxcnKGo.jpg", "age": 18, "activation_key": "", "activation_key_expires": "2020-10-27T21:59:30.314Z", "groups": [], "user_permissions": []}}, {"model": "authapp.shopuserprofile", "pk": 1, "fields": {"user": 1, "tagline": "", "aboutMe": "", "gender": ""}}, {"model": "authapp.shopuserprofile", "pk": 2, "fields": {"user": 2, "tagline": "", "aboutMe": "", "gender": ""}}, {"model": "authapp.shopuserprofile", "pk": 3, "fields": {"user": 3, "tagline": "", "aboutMe": "", "gender": ""}}, {"model": "authapp.shopuserprofile", "pk": 4, "fields": {"user": 4, "tagline": "", "aboutMe": "", "gender": ""}}, {"model": "authapp.shopuserprofile", "pk": 5, "fields": {"user": 5, "tagline": "", "aboutMe": "", "gender": ""}}, {"model": "authapp.shopuserprofile", "pk": 6, "fields": {"user": 6, "tagline": "", "aboutMe": "", "gender": ""}}, {"model": "authapp.shopuserprofile", "pk": 7, "fields": {"user": 7, "tagline": "", "aboutMe": "", "gender": ""}}, {"model": "authapp.shopuserprofile", "pk": 8, "fields": {"user": 8, "tagline": "", "aboutMe": "", "gender": ""}}, {"model": "authapp.shopuserprofile", "pk": 9, "fields": {"user": 9, "tagline": "", "aboutMe": "", "gender": ""}}, {"model": "authapp.shopuserprofile", "pk": 10, "fields": {"user": 10, "tagline": "", "aboutMe": "", "gender": ""}}, {"model": "authapp.shopuserprofile", "pk": 13, "fields": {"user": 12, "tagline": "", "aboutMe": "", "gender": "W"}}, {"model": "basketapp.basket", "pk": 10, "fields": {"user": 1, "product": 15, "quantity": 1, "add_datetime": "2020-11-01T18:53:30.048Z"}}, {"model": "basketapp.basket", "pk": 11, "fields": {"user": 1, "product": 12, "quantity": 1, "add_datetime": "2020-11-08T13:27:23.906Z"}}, {"model": "basketapp.basket", "pk": 12, "fields": {"user": 1, "product": 13, "quantity": 1, "add_datetime": "2020-11-18T19:15:45.726Z"}}, {"model": "orderapp.order", "pk": 1, "fields": {"user": 1, "created": "2020-11-01T12:54:37.523Z", "updated": "2020-11-01T12:54:37.523Z", "status": "FM", "is_active": true}}, {"model": "orderapp.order", "pk": 2, "fields": {"user": 1, "created": "2020-11-01T13:56:23.105Z", "updated": "2020-11-01T15:12:23.129Z", "status": "STP", "is_active": true}}, {"model": "orderapp.order", "pk": 3, "fields": {"user": 1, "created": "2020-11-01T14:00:32.132Z", "updated": "2020-11-08T16:29:50.597Z", "status": "STP", "is_active": false}}, {"model": "orderapp.order", "pk": 4, "fields": {"user": 1, "created": "2020-11-01T17:54:19.914Z", "updated": "2020-11-08T16:47:57.693Z", "status": "PRD", "is_active": true}}, {"model": "orderapp.orderitems", "pk": 1, "fields": {"order": 1, "product": 12, "quantity": 2}}, {"model": "orderapp.orderitems", "pk": 2, "fields": {"order": 2, "product": 15, "quantity": 1}}, {"model": "orderapp.orderitems", "pk": 3, "fields": {"order": 2, "product": 19, "quantity": 1}}, {"model": "orderapp.orderitems", "pk": 4, "fields": {"order": 3, "product": 15, "quantity": 2}}, {"model": "orderapp.orderitems", "pk": 5, "fields": {"order": 3, "product": 19, "quantity": 3}}, {"model": "orderapp.orderitems", "pk": 6, "fields": {"order": 4, "product": 12, "quantity": 1}}, {"model": "social_django.usersocialauth", "pk": 3, "fields": {"user": 12, "provider": "vk-oauth2", "uid": "32002202", "extra_data": "{\"auth_time\": 1603663177, \"id\": 32002202, \"expires\": 86400, \"access_token\": \"4999d7e8c2723931d47e1984ebfd5471586ed586944a251208288e927626420c5aeed86dccdfb73b35941\", \"token_type\": null}", "created": "2020-10-25T21:59:37.844Z", "modified": "2020-10-25T21:59:37.854Z"}}]